id,media_source,claim,check,status,action
M01,S06 (Inc42),UDRHP acknowledges low switching costs and pricing pressure,"Checked against UDRHP-I Risk Factors (pp. 30-32): filing discloses competitor promotions, incentives, alternative pricing models and merchant/delivery multi-homing as business risks. However, no explicit statement establishing 'customers have low switching costs' is present.",NOT VERIFIED AS WORDED / CONTEXTUALIZED,"Classify as unverified as worded; contextualize with disclosed competitive risks (Risk Factor 6, p. 31)"
M02,S10 (Groww),"Average SKUs per dark store rose from 12,312 (FY24) to 46,623 (FY26)","Verified on UDRHP-I printed p. 162 (Basis for Offer Price) and p. 538 (MD&A). SKUs at store geography level: 12,312 (FY24), 44,341 (FY25), 46,623 (FY26), reaching 49,602 in Q4 FY26.",VERIFIED - PRIMARY UDRHP KPI,"Upgrade to verified primary KPI (S01 p. 162, p. 538)"
M03,S10 (Groww),45.2-49.8% of users remain active three years after first order,Verified cohort-specific retention observations in UDRHP-I printed pp. 253-254 (Our Business). Exact observations: FY23 Q2 cohort retention was 45.2% in Q12 (Year 3) and 44.3% in Q15; FY23 Q3 was 48.1% in Q14; FY24 Q1 was 49.8% in Q9. Multi-year cohorts descriptively stabilize between 44.3% and 54.0%.,VERIFIED - PRIMARY UDRHP COHORT EVIDENCE,Upgrade to verified cohort evidence (S01 pp. 253-254) with precise cohort/quarter wording
M04,S07 (Inc42),Zepto curtailed platform-wide discounts and launched a paid membership (Zepto Club),Checked against UDRHP-I: Definitions (p. 13) and Our Business (p. 258) confirm 'Zepto Pass' as the official subscription membership program. 'Zepto Club' is not established in the filing.,DISPROVED/CONTRADICTED,Label disproved/contradicted; note Zepto Pass as official filing term
M05,Groww/others,"1,139 dark stores, up from 1,029 (FY25) and 337 (FY24)","Verified on UDRHP-I printed p. 163 and S09 p. 13: closing store counts 337 (FY24), 1,029 (FY25), 1,139 (FY26 across 66 cities).",VERIFIED - PRIMARY UDRHP KPI,Upgrade to primary KPI (S01 p. 163 / S09 p. 13)
M06,Several outlets,"ATU 47.97 million at 31 Mar 2026 (10.57m FY24, 38.38m FY25)","Verified on UDRHP-I printed p. 160 and S09 pp. 2, 13: Annual Transacting Users (ATU) was 10.57m (FY24), 38.38m (FY25), 47.97m (FY26). Maintained as platform scale/adoption metric.",VERIFIED - PRIMARY UDRHP KPI,"Upgrade to primary KPI (S01 p. 160 / S09 pp. 2, 13)"
M07,Groww,Order volume CAGR about 119.5% FY24-FY26,Verified on UDRHP-I printed p. 3 and S09 p. 3 quoting company-commissioned Redseer report.,VERIFIED - COMPANY-CITED REDSEER INDUSTRY EVIDENCE,Label as company-cited commissioned report statement (S01 p. 3)
M08,Outlook Business,"Rs 1,629 crore to open about 1,900 new dark stores; Rs 1,735 crore lease rentals through FY30","Verified on UDRHP-I printed pp. 143, 148 and S09 p. 5: Rs 16,289.75M for dark store expansion and Rs 17,349.41M for lease rentals.",VERIFIED - PRIMARY UDRHP OFFER/OBJECT DISCLOSURE,"Upgrade to primary offer disclosure (S01 pp. 143, 148 / S09 p. 5)"
M09,S06 (Inc42),Active user base fell from 49.54m (Dec 2025) to 47.97m (Mar 2026),"Verified on UDRHP-I printed p. 161 and S09 p. 11: trailing-12-month ATU dipped from 49.54m (31 Dec 2025) to 47.97m (31 Mar 2026), while orders/day rose 28.6% QoQ.",VERIFIED - PRIMARY UDRHP KPI,Upgrade to primary KPI (S01 p. 161 / S09 p. 11)
M10,S10 (Groww),Retained users purchase from over 18 product categories within two years,Verified on UDRHP-I printed p. 252 (Our Business): text confirms users expand from ~6 categories in Month 1 to >12 in Year 1 and 18 product categories within 2 years of joining.,VERIFIED - PRIMARY UDRHP BUSINESS DISCLOSURE,Upgrade to primary business disclosure (S01 p. 252)
M11,S06/others,Delivery partners operate across multiple platforms; market follows the most aggressive pricer,Verified on UDRHP-I printed pp. 27-28 and p. 56 (Risk Factor 13): filing notes delivery partners have flexibility to join/leave at convenience and multi-home across multiple platforms.,VERIFIED - COMPANY RISK DISCLOSURE,"Upgrade to verified company risk disclosure (S01 pp. 27-28, 56)"
