statistic,source,source_type,verification_status
Commissioned Redseer report (30 May 2026): market structure and growth drivers,S02,Commissioned industry report,Standalone report not retrieved independently; figures quoted from UDRHP-I (S01) and S09
"Quick-commerce market ~Rs 133bn (CY2022) -> ~Rs 963bn (CY2025), '~95% growth' (not labelled CAGR); ~13% of online retail GMV CY2025",Redseer Report as quoted in UDRHP-I pp. 194-196 and S09 p.3,Primary filing quoting commissioned report,"Checked against UDRHP-I text; company-cited, not independent"
"ATU 47.97m (31 Mar 2026), +25.00% YoY; 49.54m at 31 Dec 2025; 10.57m FY24, 38.38m FY25","UDRHP-I pp. 160-161, S09 pp. 2, 11, 13",Primary filing KPI,Checked against UDRHP-I tables; platform scale metric
"1,139 dark stores, 75 warehouses (31 Mar 2026); closing stores 337 / 1,029 / 1,139 (FY24/25/26)","UDRHP-I p. 163, S09 pp. 3, 13",Primary filing KPI,Checked against UDRHP-I tables
"Orders per day 2,333,488 (Q4 FY26) vs 1,814,288 (Q3 FY26)","UDRHP-I p. 161, S09 p. 11",Primary filing KPI,Checked against UDRHP-I tables
"Dark-store expansion Rs 16,289.75m; lease rentals Rs 17,349.41m; marketing Rs 5,200m","UDRHP-I pp. 143, 148, 156, S09 p. 5",Primary filing Offer/Object disclosure,Checked against UDRHP-I tables
"Store-level unique SKUs: 12,312 (FY24) -> 44,341 (FY25) -> 46,623 (FY26) -> 49,602 (Q4 FY26)","UDRHP-I p. 162, p. 538",Primary filing KPI,Checked against UDRHP-I tables; Media Claim M02 verified
"Cohort retention: FY23 Q2 was 45.2% in Q12 (Year 3), 44.3% in Q15; FY23 Q3 48.1% in Q14; FY24 Q1 49.8% in Q9; descriptive multi-year range 44.3%-54.0%",UDRHP-I pp. 253-254,Primary filing KPI,Checked against UDRHP-I cohort matrix; Media Claim M03 verified
Purchasing category expansion: ~6 categories in Month 1 -> >12 in Year 1 -> 18 categories in Year 2,UDRHP-I p. 252,Primary filing business disclosure,Checked against UDRHP-I text; Media Claim M10 verified
"Jan 2026 GMV ~Rs 11K crore, ~7.8m orders/day, AOV ~Rs 460, MTU ~5.2 crore, ~6,280 dark stores","S03 (Redseer, 12 Feb 2026)",Independent industry (Redseer),Full article read
~33 million MTUs across 150+ cities (as of July 2025),"S05 (Redseer, 19 Nov 2025)",Independent industry (Redseer),Full article read; earlier date than the 5.2 crore in S03
"Non-metro 90+ cities just over 20% of GMV; OPD per dark store below 1,000 beyond top 10-15 cities","S04 (Redseer, 3 Jul 2025)",Independent industry (Redseer),Full article read
