evidence_id,source_id,source_doc,printed_page,section,evidence_type,claim_owner,claim,metric_value,crm_factor,relation_to_switching,survey_mapping,interpretation,causal_status,verification_status
E01,S01,Zepto Limited UDRHP-I,24,Section II: Risk Factors,Company risk disclosure,Zepto Limited,Rapid scaling resulted in net losses; revenue grew but dark store network expansion and delivery expenses drove negative cash flows,"Revenue: Rs 226,235.84M (FY26) vs Rs 44,545.16M (FY24); Restated loss: Rs 59,051.92M (FY26)",Operational context,Cost pressure limits ability to sustain platform-wide discount subsidization,Context for H4 / promotions,Company financial risk; high cost-to-serve limits defensive price wars,Risk disclosure (non-causal),Verified (Printed p. 24)
E02,S01,Zepto Limited UDRHP-I,27,Section II: Risk Factors,Company risk disclosure,Zepto Limited,Failure to attract and retain delivery partners cost-effectively and at competitive payout prices diminishes ability to service customer demand quickly,Active delivery partners: 221667 (FY26) vs 49278 (FY24); Delivery expense: 12.28% of NRV (FY26),Service / experience,Delivery partner availability directly impacts delivery speed and service reliability,Context for service/speed exit reasons in survey,Operational constraint that could induce push switching if SLA breaches occur,Risk disclosure (non-causal),Verified (Printed p. 27-28)
E03,S01,Zepto Limited UDRHP-I,30,Section II: Risk Factors,Company risk disclosure,Zepto Limited,Merchant partners multi-home across competing quick-commerce and e-commerce platforms and may reduce presence on Zepto if competitor terms are more favorable,Not quantified,Switching / competitive dynamics,Merchant partner switching directly affects product availability and assortment depth on Zepto,Context for H3 (variety) and former voluntary availability exits,Supply-side multi-homing mirrors consumer multi-platform behavior,Risk disclosure (non-causal),Verified (Printed p. 30)
E04,S01,Zepto Limited UDRHP-I,31,Section II: Risk Factors,Company risk disclosure,Zepto Limited,"Competitors may offer discounted services, user incentives, promotions, alternative pricing models, wider categories, or retain users more effectively",Not quantified,Switching / competitive dynamics,Competitor promotions and pull factors are primary disclosed business threats,Supports/contextualizes H2 (pull) and H4 (competitor promotions),Triangulates current-user pull correlations (raw rho=0.69-0.70) as strategic risk,Risk disclosure (non-causal),Verified (Printed p. 31)
E05,S01,Zepto Limited UDRHP-I,34,Section II: Risk Factors,Company risk disclosure,Zepto Limited,If user-facing operating or delivery fees increase it may decrease the frequency with which users transact on the platform,Not quantified,Price / promotion,Direct acknowledgment that fees/pricing impact order frequency and retention,Context for H4 and fee sensitivity,Price sensitivity operates on transaction frequency as well as switching,Risk disclosure (non-causal),Verified (Printed p. 34)
E06,S01,Zepto Limited UDRHP-I,44,Section II: Risk Factors,Company risk disclosure,Zepto Limited,Dark store network must be expanded cost-effectively; failure to deploy expansion proceeds effectively could impair growth and market coverage,Earmarked dark store capex: Rs 16289.75M; lease rentals: Rs 17349.41M,Coverage / availability,Geographic unserviceability directly prevents customer acquisition and retention,Supports former user Class A (42.5% area exit) and never users (61.7% area non-adoption),Capital investment plan aligns with survey evidence that coverage is a dominant usage barrier,Company disclosure of plan (non-causal for past exits),Verified (Printed p. 44)
E07,S01,Zepto Limited UDRHP-I,143,Section III: Objects of the Offer,Offer/object disclosure,Zepto Limited,Gross proceeds earmarked for establishing new dark stores in existing and new geographies over FY27-FY29,Rs 16289.75 million for new dark stores,Coverage / availability,Expansion capital aimed at eliminating pin-code serviceability gaps,Aligns with R1 serviceability waitlist and expansion capture,Demonstrates strategic focus on footprint density to capture unserved demand,Object disclosure,Verified (Printed p. 143-145)
E08,S01,Zepto Limited UDRHP-I,148,Section III: Objects of the Offer,Offer/object disclosure,Zepto Limited,Net proceeds allocated for lease rentals of existing dark store network through FY30,Rs 17349.41 million for dark store lease rentals,Coverage / availability,Sustaining dark store footprint infrastructure in core high-density catchments,Context for operational coverage stability,Secures physical real estate for ongoing catchment retention,Object disclosure,Verified (Printed p. 148-150)
E09,S01,Zepto Limited UDRHP-I,154,Section III: Objects of the Offer,Offer/object disclosure,Zepto Limited,Net proceeds allocated for investment in technology and cloud infrastructure to support platform scalability and personalization,Rs 4000.00 million for technology/cloud,Loyalty / CRM,Infrastructure funding for search recommendation engine and demand forecasting,Context for R2 assortment personalization and search discovery,Technical enabler for automated CRM recommendation tools,Object disclosure,Verified (Printed p. 154-156)
E10,S01,Zepto Limited UDRHP-I,156,Section III: Objects of the Offer,Offer/object disclosure,Zepto Limited,Net proceeds allocated for marketing and business promotion through subsidiary Zepto Marketplace Private Limited,Rs 5200.00 million for marketing/promotion,Customer acquisition,User acquisition and brand visibility spend,Context for customer acquisition vs retention CRM balance,Paid acquisition budget to drive top-of-funnel customer traffic,Object disclosure,Verified (Printed p. 156-157)
E11,S01,Zepto Limited UDRHP-I,160,Section III: Basis for Offer Price,Company KPI,Zepto Limited,Annual Transacting Users (ATU) grew from 10.57M (FY24) to 38.38M (FY25) to 47.97M (FY26),ATU: 47.97 million (31 March 2026),Customer acquisition / scale,Trailing 12-month unique customer count showing overall platform scale,Population scale context (does not measure individual churn),Scale metric; ATU dipped 3.2% from Dec 2025 (49.54M) to Mar 2026 (47.97M),Company KPI disclosure,Verified (Printed p. 160-161)
E12,S01,Zepto Limited UDRHP-I,161,Section III: Basis for Offer Price,Company KPI,Zepto Limited,Orders per day increased significantly across quarters,Q4 FY26 orders per day: 2333488 vs Q3 FY26: 1814288 (+28.6% QoQ),Operational context,Transaction velocity increased even while trailing 12-month ATU stabilized,Contrasts with ATU dip; existing user frequency increased,Indicates intensification of active cohort usage despite top-line user flattening,Company KPI disclosure,Verified (Printed p. 161)
E13,S01,Zepto Limited UDRHP-I,162,Section III: Basis for Offer Price,Company KPI,Zepto Limited,"Weighted average unique SKUs available at a store geography level grew from 12,312 (FY24) to 44,341 (FY25) to 46,623 (FY26) and reached 49,602 in Q4 FY26",SKUs: 12312 (FY24) -> 44341 (FY25) -> 46623 (FY26) -> 49602 (Q4 FY26),Product / assortment,Direct company verification of Media Claim M02,Directly contextualizes H3 (variety) and former user variety exit reasons,Triangulates voluntary former leavers citing variety (8/32) as real historical gap being closed,Company KPI disclosure,Verified (Printed p. 162)
E14,S01,Zepto Limited UDRHP-I,163,Section III: Basis for Offer Price,Company KPI,Zepto Limited,Dark store network grew from 337 stores across 11 cities (FY24) to 1029 across 43 cities (FY25) to 1139 across 66 cities (FY26),Dark stores: 1139 closing stores; 66 cities (31 March 2026),Coverage / availability,Geographic rollout progression across Indian urban centers,Directly relates to Class A former users (31/73) and never users (37/60 citing area),Footprint expansion from Tier-1 into Tier-2/non-metro cities,Company KPI disclosure,Verified (Printed p. 163)
E15,S01,Zepto Limited UDRHP-I,194,Section IV: Industry Overview,Redseer/industry evidence,Redseer Strategy Consultants (quoted in UDRHP),"India quick-commerce market expanded from ~Rs 133B (CY2022) to ~Rs 963B (CY2025), representing ~95% growth; accounts for >2/3 of online grocery orders",Market size: ~Rs 963 billion (CY2025); ~13% of online retail GMV,Operational context,Macro market expansion drives category adoption across competing platforms,Context for overall quick-commerce market growth,Commissioned industry market context; not Zepto-specific customer data,Company-cited industry report,Verified (Printed p. 194-196)
E16,S01,Zepto Limited UDRHP-I,202,Section IV: Industry Overview,Redseer/industry evidence,Redseer Strategy Consultants (quoted in UDRHP),Quick-commerce consumer adoption is driven primarily by speed and convenience with expanding category mix beyond impulse grocery into beauty electronics and general merchandise,Top categories: Packaged foods fresh grocery beauty personal care,Product / assortment,Broadening category breadth increases multi-category basket frequency,Context for H3 and multi-category purchasing (M10),Category expansion is an industry-wide structural evolution,Company-cited industry report,Verified (Printed p. 202-205)
E17,S01,Zepto Limited UDRHP-I,234,Section IV: Our Business,Company business description,Zepto Limited,"Company operates on S.Q.A.P. customer experience framework: Speed, Quality, Assortment, and Price transparency, supported by everyday low price (EDLP) philosophy",S.Q.A.P. 4-pillar operating model,Product / assortment; Price,Core platform value proposition designed to drive customer stickiness and repeat frequency,Directly maps to survey constructs: SAT ALT VAR PROMO,Defines company intended positioning against rival quick-commerce platforms,Company business description,Verified (Printed p. 234-235)
E18,S01,Zepto Limited UDRHP-I,246,Section IV: Our Business,Company business description,Zepto Limited,"In-house search and recommendation engine with machine learning models for intent parsing, query understanding, and catalog ranking",Proprietary ML search and recommendation system,Loyalty / CRM,Personalization tooling intended to reduce search friction and stock-out abandonment,Directly enables CRM Recommendation R2 (assortment/stock-out personalization),Confirms existing algorithmic capability to deploy personalized recommendations,Company business description,Verified (Printed p. 246-247)
E19,S01,Zepto Limited UDRHP-I,252,Section IV: Our Business,Company business description,Zepto Limited,"User cohort expansion: users purchase from an average of ~6 product categories in month 1, expanding to >12 categories within 1 year and 18 product categories within 2 years of joining",Categories purchased: 6 in Month 1 -> >12 in Year 1 -> 18 in Year 2,Customer retention / loss,Direct company verification of Media Claim M10,Contextualizes cross-category retention dynamics,Cross-category purchasing depth is directly associated with multi-year user stickiness,Company business disclosure,Verified (Printed p. 252)
E20,S01,Zepto Limited UDRHP-I,253,Section IV: Our Business,Company KPI,Zepto Limited,"User Cohort Retention Table: Quarterly transacting user retention demonstrates long-term cohort stabilization between 44.3% and 54.0% across multi-year cohorts (e.g. FY23 Q2 cohort shows 51.5% in Q2 -> 45.2% in Q12 -> 44.3% in Q15)",Cohort retention: 45.2% - 49.8% 3-year active order retention,Customer retention / loss,Direct company verification of Media Claim M03,Provides empirical benchmark for longitudinal customer retention in Indian quick-commerce,Shows ~50% customer attrition occurs within the first 3-4 quarters before cohort stabilizes,Company KPI disclosure,Verified (Printed p. 253-254)
E21,S01,Zepto Limited UDRHP-I,258,Section IV: Our Business,Company business description,Zepto Limited,"Zepto Pass is the defined subscription program offering delivery benefits and selective promotions; Zepto Club is NOT a registered filing term or defined program",Zepto Pass active subscription program,Loyalty / CRM,Subscription loyalty program designed to build platform mooring and frequency,Context for H5/H6 mooring and CRM loyalty interventions,Confirms Zepto Pass as official membership program while disproving Media Claim M04 (Zepto Club),Company business disclosure,Verified (Printed p. 258-259)
E22,S01,Zepto Limited UDRHP-I,260,Section IV: Our Business,Company business description,Zepto Limited,Dark store densification strategy reduces delivery radius to optimize delivery speed and maintain average order delivery times under 10-15 minutes,Average delivery radius reduced as store density increased,Service / experience,Hyperlocal proximity sustains 10-minute delivery value proposition,Relates to delivery speed mentions in survey former-user reasons (7/73),Proximity reduces delivery time variance and order cancellation risk,Company business description,Verified (Printed p. 260-261)
E23,S01,Zepto Limited UDRHP-I,530,Section V: MD&A,Company disclosure,Zepto Limited,"Supply Chain Variable Cost per Order includes delivery and handling expenses, mid-mile transport, packaging, and store franchisee variable costs",Supply Chain Variable Cost per Order definition,Operational context,Unit economics of fulfilling individual customer orders,Context for delivery fee structures and gross margin thresholds,Demonstrates cost floor below which free delivery incentives cannot be extended,Company disclosure,Verified (Printed p. 530-532)
E24,S01,Zepto Limited UDRHP-I,538,Section V: MD&A,Company disclosure,Zepto Limited,"Assortment expansion from 12,312 SKUs (FY24) to 49,602 SKUs (Q4 FY26) combined with Everyday Low Price (EDLP) strategy cited by management as primary driver of improved user value proposition and retention rate",SKUs reached 49602 in 3 months ended 31 March 2026,Product / assortment; Retention,Management direct rationale linking SKU breadth + EDLP pricing to customer retention,Directly aligns with survey voluntary churn findings (variety/availability = 16/32 main reasons),Management strategic perspective linking catalog depth to lower customer acquisition dependence,Company disclosure / MD&A,Verified (Printed p. 538)
E25,S01,Zepto Limited UDRHP-I,545,Section V: MD&A,Company disclosure,Zepto Limited,"Advertising and sales promotion expenses increased in line with brand expansion and customer acquisition efforts across 66 cities",Advertising expenses tracked as percentage of NRV and revenue,Price / promotion,Marketing expenditure supporting top-of-funnel user traffic and app downloads,Context for acquisition spending vs retention CRM allocation,Reflects aggressive customer acquisition spending across new city launches,Company disclosure / MD&A,Verified (Printed p. 545-547)
