category,variable,Current,Former,Never,All
Daily,QC frequency,2,4,0,6
Several times a week,QC frequency,18,22,6,46
About once a week,QC frequency,12,23,17,52
2–3 times a month,QC frequency,11,15,16,42
Rarely,QC frequency,8,8,19,35
I don't currently use quick-commerce platforms,QC frequency,0,1,2,3
App convenience,Most important choice factor,2,5,1,8
Availability in my location,Most important choice factor,4,10,9,23
Customer service,Most important choice factor,2,3,0,5
Delivery experience,Most important choice factor,7,6,6,19
Discounts / promotions,Most important choice factor,10,12,11,33
Other,Most important choice factor,0,1,3,4
Price,Most important choice factor,6,6,7,19
Product availability,Most important choice factor,18,24,17,59
Product variety,Most important choice factor,2,5,3,10
Trust / reliability,Most important choice factor,0,1,3,4
