,PC1,communality
SAT1,-0.24100952373209347,0.058085590529570526
SAT2,-0.3365550444029412,0.11326929791306573
PUSH_consider,-0.673540143334508,0.45365632468306955
ALT1,-0.7771236021905303,0.6039210930815857
ALT2,-0.8459755071006886,0.7156745586142672
VAR1,-0.8745600236295173,0.7648552349308619
PROMO1,-0.7890260671264653,0.6225621346050573
SC1,-0.808759974736109,0.6540926967351518
FAM1,-0.36799331084987047,0.1354190768302494
SC2,-0.7439834677428111,0.5535114002746184
INT1,-0.8077048863074646,0.6523871833649544
INT2,-0.8788440774251236,0.7723669124252166
INT3,-0.8082694573990566,0.6532995157641655
