source,page,section,claim,construct,evidence_type,relation_to_survey,status,use,claim_owner,survey_relation_type
S01,24,Section II: Risk Factors,"Rapid scaling resulted in net losses; revenue grew from Rs 44,545.16M (FY24) to Rs 226,235.84M (FY26) while restated net loss was Rs 59,051.92M (FY26) driven by network expansion and delivery expenses",Operational context; cost-to-serve,Company risk disclosure,Cost floor limits long-term promotional price subsidization (context for H4),Verified,Financial constraint on price promotions,Zepto Limited,Contextualizes
S01,27-28,Section II: Risk Factors,"Failure to attract and retain delivery partners cost-effectively diminishes fulfillment speed; active delivery partners grew to 221,667 (FY26) from 49,278 (FY24) with delivery expenses at 12.28% of NRV",Service / experience,Company risk disclosure,Fleet capacity constraints directly impact delivery SLA/speed (context for H1 and former speed exits),Verified,Operational risk context,Zepto Limited,Contextualizes
S01,30,Section II: Risk Factors,Merchant partners multi-home across competing platforms and may reduce inventory on Zepto if rival terms or sales volumes are superior,Switching / competitive dynamics; assortment,Company risk disclosure,Supply-side multi-homing directly creates assortment stock-outs (context for H3 and former voluntary availability exits),Verified,Supply-side switching risk,Zepto Limited,Contextualizes
S01,31,Section II: Risk Factors,"Competitors may offer discounted services, user incentives, promotions, alternative pricing models, wider product selections, or retain users more effectively",Competitor pull; promotions; pricing,Company risk disclosure,"Directly contextualizes H2 (pull), H3 (variety), and H4 (promotions) as top disclosed strategic threats",Verified,Triangulation of competitor pull factor,Zepto Limited,Contextualizes
S01,34,Section II: Risk Factors,If user-facing operating or logistics fees increase it may decrease the frequency with which users transact on the platform,Price sensitivity; order frequency,Company risk disclosure,Directly links user fee sensitivity to transaction velocity and churn risk,Verified,Fee sensitivity context,Zepto Limited,Contextualizes
S01,44,Section II: Risk Factors,Dark store network must be expanded cost-effectively; failure to deploy expansion proceeds effectively could impair growth and market coverage,Coverage / availability,Company risk disclosure,"Survey identifies coverage as a major reported barrier, while UDRHP independently documents expansion intended to extend serviceability (context for Class A former and never users)",Verified,Triangulation of coverage constraint,Zepto Limited,Contextualizes
S01,143-145,Section III: Objects of the Offer,"Gross proceeds earmarked include Rs 16,289.75M for setting up new dark stores in existing and new geographies over FY27-FY29",Coverage / availability,Offer/object disclosure,Capital allocation aligns with survey evidence that unserved areas represent a major usage barrier (R1 context),Verified,R1 feasibility context,Zepto Limited,Contextualizes
S01,148-150,Section III: Objects of the Offer,"Net proceeds allocated include Rs 17,349.41M for lease rentals of existing dark store network through FY30",Coverage / infrastructure,Offer/object disclosure,Sustaining physical real estate in existing high-density catchments to preserve current user retention,Verified,Operational coverage stability,Zepto Limited,Contextualizes
S01,154-156,Section III: Objects of the Offer,"Net proceeds allocated include Rs 4,000.00M for investment in technology and cloud infrastructure supporting search, recommendations, and forecasting",Loyalty / CRM; technology,Offer/object disclosure,Technical capital funding enablers for CRM Recommendation R2 (assortment/stock-out personalization) (CRM interpretation/inference),Verified,R2 feasibility context,Zepto Limited,Contextualizes
S01,156-157,Section III: Objects of the Offer,"Net proceeds allocated include Rs 5,200.00M for marketing and business promotion through subsidiary Zepto Marketplace Private Limited",Customer acquisition,Offer/object disclosure,Top-of-funnel customer acquisition budget balancing retention initiatives,Verified,Acquisition budget context,Zepto Limited,Contextualizes
S01,160,Section III: Basis for Offer Price,Annual Transacting Users (ATU) grew from 10.57M (FY24) to 38.38M (FY25) to 47.97M (FY26). Maintained as platform scale/adoption KPI.,Acquisition / scale,Company KPI,Population scale context; trailing-12-month unique user metric (does not measure individual churn),Verified,Scale metric context,Zepto Limited,Contextualizes
S01,161,Section III: Basis for Offer Price,"Orders per day rose +28.6% QoQ to 2,333,488 in Q4 FY26 (from 1,814,288 in Q3 FY26) while trailing-12-month ATU dipped 3.2% from 49.54M to 47.97M",Operational context; order frequency,Company KPI,Active cohort ordering frequency increased even as trailing 12-month unique transacting count stabilized,Verified,Usage frequency context,Zepto Limited,Contextualizes
S01,162,Section III: Basis for Offer Price,"Store-level unique SKUs grew from 12,312 (FY24) to 44,341 (FY25) to 46,623 (FY26) (Media Claim M02 verified)",Product / assortment,Company KPI,Contextualizes H3 (variety) and voluntary former-user variety exits (8/32),Verified,Triangulates assortment expansion,Zepto Limited,Contextualizes
S01,163,Section III: Basis for Offer Price,"Dark store network expanded from 337 stores across 11 cities (FY24) to 1,029 across 43 cities (FY25) to 1,139 across 66 cities (FY26)",Coverage / availability,Company KPI,Quantifies geographic footprint expansion into non-metro cities (context for former Class A and never users),Verified,Coverage scale context,Zepto Limited,Contextualizes
S01,194-196,Section IV: Industry Overview,"Indian quick commerce grew from ~Rs 133B (CY2022) to ~Rs 963B (CY2025), representing ~95% growth; accounts for >2/3 of online grocery orders and ~13% of online retail GMV (source: company-commissioned Redseer Report)",Market context,Company-Cited Industry Evidence,Macro category adoption context across all competing platforms,Verified as quoted; commissioned source,Macro market context; do not restate as CAGR,Zepto filing quoting a Zepto-commissioned Redseer report,Contextualizes
S01,202-205,Section IV: Industry Overview,"Quick commerce consumer adoption expanding beyond grocery into beauty, personal care, electronics, and general merchandise (source: company-commissioned Redseer Report)",Product / assortment; category expansion,Company-Cited Industry Evidence,Industry structural shift enabling cross-category basket growth (M10 context),Verified as quoted; commissioned source,Category expansion context,Zepto filing quoting a Zepto-commissioned Redseer report,Contextualizes
S01,234-235,Section IV: Our Business,"Platform operates on S.Q.A.P. customer experience framework (Speed, Quality, Assortment, Price transparency) supported by Everyday Low Price (EDLP) philosophy",Assortment; price; value proposition,Company Business Disclosure,Internal strategic positioning designed to reduce push factors and build customer stickiness,Verified,Platform positioning context,Zepto Limited,Contextualizes
S01,246-247,Section IV: Our Business,"In-house search and recommendations engine utilizes machine learning models for user intent parsing, query understanding, and catalog ranking",Loyalty / CRM; personalization,Company Business Disclosure,Confirms existing algorithmic capability supporting CRM Recommendation R2 (CRM interpretation/inference),Verified,R2 feasibility context,Zepto Limited,Contextualizes
S01,252,Section IV: Our Business,"New users purchase from an average of ~6 categories in Month 1, expanding to >12 categories in Year 1 and 18 product categories in Year 2 (Media Claim M10 verified)",Customer retention; category expansion,Company Business Disclosure,Cross-category purchasing depth is identified as a descriptive marker of multi-year user stickiness,Verified,Retention marker context,Zepto Limited,Contextualizes
S01,253-254,Section IV: Our Business,User cohort retention matrix shows quarterly active ordering stabilizes between 44.3% and 54.0% across multi-year cohorts (e.g. FY23 Q2 cohort retention was 45.2% in Q12/Year 3 and 44.3% in Q15; FY24 Q1 was 49.8% in Q9; Media Claim M03 verified),Customer retention / loss,Company KPI,Empirical industry benchmark showing ~50% initial cohort attrition before multi-year stabilization,Verified,Retention baseline context,Zepto Limited,Contextualizes
S01,258-259,Section IV: Our Business,Zepto Pass is the official subscription membership program offering delivery perks and promotions; 'Zepto Club' is not established in the filing,Loyalty / CRM,Company Business Disclosure,Subscription loyalty tool to build platform mooring (context for H5/H6 and R4),Verified,Loyalty program context,Zepto Limited,Contextualizes
S01,260-261,Section IV: Our Business,"Dark store network densification reduces average delivery radius, targeting under 10-15 minute delivery fulfillment",Service / experience; delivery speed,Company Business Disclosure,Addresses delivery speed expectations (context for former-user delivery reasons),Verified,Delivery SLA context,Zepto Limited,Contextualizes
S01,530-532,Section V: MD&A,"Supply Chain Variable Cost per Order defines variable fulfilment and delivery costs per order, establishing unit economic boundaries",Operational context; unit economics,Company/MD&A Disclosure,Cost floor below which promotional free delivery cannot be sustainably extended,Verified,Unit economics context,Zepto Limited,Contextualizes
S01,538,Section V: MD&A,"Management explicitly links assortment growth (reaching 49,602 SKUs in Q4 FY26) and EDLP pricing to improved user value proposition and retention",Assortment; retention strategy,Company/MD&A Disclosure,Management strategy aligns with survey finding that variety and price are primary voluntary exit/pull levers,Verified,Management retention perspective,Zepto Limited,Contextualizes
S01,545-547,Section V: MD&A,Advertising and sales promotion expenses tracked across city rollouts to drive customer acquisition across 66 cities,Price / promotion; acquisition spend,Company/MD&A Disclosure,Captures customer acquisition expenditure supporting brand rollout,Verified,Acquisition spend context,Zepto Limited,Contextualizes
