raw_column_position,original_column,clean_variable,variable_type,response_scale,n_non_missing,n_unique,coding,construct,ppm_dimension,role,missing_treatment,analysis_usage,inclusion_reason
1,Timestamp,timestamp,categorical/text,,184,184,text; see derived columns,Metadata,-,ID,Structural NaN by branch or questionnaire version; never coded as zero,Timestamp; used for version assignment,Used in the analytical sample named in role/notes
2,Which quick-commerce platforms have you used?,platforms_used,categorical/text,,182,21,text; see derived columns,Usage,-,Profile,Structural NaN by branch or questionnaire version; never coded as zero,Multi-select; split into used_* indicators; descriptive only,Used in the analytical sample named in role/notes
3,How frequently do you use quick-commerce platforms?,qc_frequency,categorical/text,,184,6,text; see derived columns,Usage,-,Profile/control,Structural NaN by branch or questionnaire version; never coded as zero,Ordinal (6 levels) -> freq_ord,Used in the analytical sample named in role/notes
4,What factor most influences your choice of a quick-commerce platform?,choice_factor,categorical/text,,184,10,text; see derived columns,Choice drivers,-,Descriptive,Structural NaN by branch or questionnaire version; never coded as zero,"Nominal, all 184",Used in the analytical sample named in role/notes
5,Have you ever used Zepto?,ever_used_zepto,categorical/text,,184,3,text; see derived columns,Group,-,Group definition,Structural NaN by branch or questionnaire version; never coded as zero,Current/Former/Never,Used in the analytical sample named in role/notes
6,"Overall, I am satisfied with my experience using Zepto.",SAT1,Likert (ordinal 1-5),1=Strongly disagree ... 5=Strongly agree,51,5,as recorded (1-5),Satisfaction,Push,Predictor,Structural NaN by branch or questionnaire version; never coded as zero,Likert 1-5,Used in the analytical sample named in role/notes
7,My experience using Zepto generally meets my expectations.,SAT2,Likert (ordinal 1-5),1=Strongly disagree ... 5=Strongly agree,51,4,as recorded (1-5),Satisfaction,Push,Predictor,Structural NaN by branch or questionnaire version; never coded as zero,Likert 1-5,Used in the analytical sample named in role/notes
8,Some aspects of my Zepto experience make me consider using another quick-commerce platform.,PUSH_consider,Likert (ordinal 1-5),1=Strongly disagree ... 5=Strongly agree,51,5,as recorded (1-5),Push (single item),Push,Descriptive/sensitivity,Structural NaN by branch or questionnaire version; never coded as zero,Overlaps conceptually with intention; not in models,Used in the analytical sample named in role/notes
9,Other quick-commerce platforms can better meet some of my needs than Zepto.,ALT1,Likert (ordinal 1-5),1=Strongly disagree ... 5=Strongly agree,51,4,as recorded (1-5),Alternative attractiveness,Pull,Predictor,Structural NaN by branch or questionnaire version; never coded as zero,Likert 1-5,Used in the analytical sample named in role/notes
10,I find some competing quick-commerce platforms more attractive than Zepto.,ALT2,Likert (ordinal 1-5),1=Strongly disagree ... 5=Strongly agree,51,5,as recorded (1-5),Alternative attractiveness,Pull,Predictor,Structural NaN by branch or questionnaire version; never coded as zero,Likert 1-5,Used in the analytical sample named in role/notes
11,Competing quick-commerce platforms offer product choices that better meet my needs.,VAR1,Likert (ordinal 1-5),1=Strongly disagree ... 5=Strongly agree,51,5,as recorded (1-5),Competitor variety,Pull,Predictor,Structural NaN by branch or questionnaire version; never coded as zero,Likert 1-5,Used in the analytical sample named in role/notes
12,Competing platforms provide a wider range of brands or product variants that are relevant to me.,VAR2,Likert (ordinal 1-5),1=Strongly disagree ... 5=Strongly agree,46,5,as recorded (1-5),Competitor variety,Pull,Predictor,Structural NaN by branch or questionnaire version; never coded as zero,Added after V1 (structural missing n=5),Used in the analytical sample named in role/notes
13,Deals and promotional offers on competing quick-commerce platforms are more attractive to me than those on Zepto.,PROMO1,Likert (ordinal 1-5),1=Strongly disagree ... 5=Strongly agree,51,5,as recorded (1-5),Promotional attractiveness,Pull,Predictor,Structural NaN by branch or questionnaire version; never coded as zero,Single item,Used in the analytical sample named in role/notes
14,Switching from Zepto to another quick-commerce platform would require additional time and effort.,SC1,Likert (ordinal 1-5),1=Strongly disagree ... 5=Strongly agree,51,5,as recorded (1-5),Switching effort,Mooring,Predictor,Structural NaN by branch or questionnaire version; never coded as zero,Likert 1-5,Used in the analytical sample named in role/notes
15,My familiarity with Zepto makes me less likely to switch to another platform.,FAM1,Likert (ordinal 1-5),1=Strongly disagree ... 5=Strongly agree,51,5,as recorded (1-5),Familiarity,Mooring,Predictor,Structural NaN by branch or questionnaire version; never coded as zero,Single item,Used in the analytical sample named in role/notes
16,The effort involved in changing to another quick-commerce platform makes me less likely to switch.,SC2,Likert (ordinal 1-5),1=Strongly disagree ... 5=Strongly agree,51,5,as recorded (1-5),Switching effort,Mooring,Predictor,Structural NaN by branch or questionnaire version; never coded as zero,Likert 1-5,Used in the analytical sample named in role/notes
17,I am considering switching from Zepto to another quick-commerce platform.,INT1,Likert (ordinal 1-5),1=Strongly disagree ... 5=Strongly agree,51,5,as recorded (1-5),Switching intention,Outcome,Outcome,Structural NaN by branch or questionnaire version; never coded as zero,Likert 1-5,Used in the analytical sample named in role/notes
18,I am likely to choose another quick-commerce platform instead of Zepto in the future.,INT2,Likert (ordinal 1-5),1=Strongly disagree ... 5=Strongly agree,51,5,as recorded (1-5),Switching intention,Outcome,Outcome,Structural NaN by branch or questionnaire version; never coded as zero,Likert 1-5,Used in the analytical sample named in role/notes
19,I intend to reduce my use of Zepto and use competing platforms more often.,INT3,Likert (ordinal 1-5),1=Strongly disagree ... 5=Strongly agree,51,4,as recorded (1-5),Switching intention,Outcome,Outcome,Structural NaN by branch or questionnaire version; never coded as zero,Likert 1-5,Used in the analytical sample named in role/notes
20,Have you shifted any of your regular quick-commerce purchases from Zepto to another platform?,shifted_any,binary,,51,2,text; see derived columns,Partial switching behaviour,Outcome,Outcome (behavioural),Structural NaN by branch or questionnaire version; never coded as zero,Binary; current users only,Used in the analytical sample named in role/notes
21,I would continue using Zepto even when other quick-commerce platforms are available.,INERT1,Likert (ordinal 1-5),1=Strongly disagree ... 5=Strongly agree,46,5,as recorded (1-5),Inertia,Mooring,Predictor (extension),Structural NaN by branch or questionnaire version; never coded as zero,Added after V1 (n=46),Used in the analytical sample named in role/notes
22,Why did you stop using Zepto regularly?,fu_reasons,categorical/text,,80,29,text; see derived columns,Reasons for stopping,-,Descriptive,Structural NaN by branch or questionnaire version; never coded as zero,Multi-select; former users; split to fu_r_*,Used in the analytical sample named in role/notes
23,Which platform did you primarily shift to after using Zepto?,fu_destination,categorical/text,,80,5,text; see derived columns,Destination platform,-,Descriptive,Structural NaN by branch or questionnaire version; never coded as zero,Former users,Used in the analytical sample named in role/notes
24,What was the single most important reason for your shift from Zepto?,fu_main_reason,categorical/text,,80,11,text; see derived columns,Main reason,-,Descriptive / classification,Structural NaN by branch or questionnaire version; never coded as zero,Former users; basis of coverage vs voluntary class,Used in the analytical sample named in role/notes
25,"After moving away from Zepto, did you increase your use of another quick-commerce platform?",fu_increased_other,categorical/text,,80,3,text; see derived columns,Increased use of other platform,-,Descriptive,Structural NaN by branch or questionnaire version; never coded as zero,Former users,Used in the analytical sample named in role/notes
26,Did the alternative platform offer products or variants that you could not easily find on Zepto?,fu_alt_variants,categorical/text,,70,3,text; see derived columns,Alternative offered products not found on Zepto,Pull (behavioural),Descriptive,Structural NaN by branch or questionnaire version; never coded as zero,Added after V1 (former n=68),Used in the analytical sample named in role/notes
27,Would you consider returning to Zepto in the future?,fu_return,categorical/text,,70,5,text; see derived columns,Willingness to return,Retention,Outcome (former),Structural NaN by branch or questionnaire version; never coded as zero,Ordinal -> fu_return_num; added after V1,Used in the analytical sample named in role/notes
28,What is the main reason you have never used Zepto?,nu_reason,categorical/text,,75,7,text; see derived columns,Reason for never using,-,Supplementary,Structural NaN by branch or questionnaire version; never coded as zero,Never-users,Used in the analytical sample named in role/notes
29,Which quick-commerce platform do you use most often?,nu_platform,categorical/text,,75,5,text; see derived columns,Platform used most,-,Supplementary,Structural NaN by branch or questionnaire version; never coded as zero,Never-users,Used in the analytical sample named in role/notes
30,What is the main reason you prefer your current platform over Zepto?,nu_pref_reason,categorical/text,,59,10,text; see derived columns,Why prefer current platform,-,Supplementary,Structural NaN by branch or questionnaire version; never coded as zero,Never-users,Used in the analytical sample named in role/notes
31,The quick-commerce platform I currently use better meets my needs than Zepto would.,nu_current_better,Likert (ordinal 1-5),1=Strongly disagree ... 5=Strongly agree,75,5,as recorded (1-5),Current platform better,-,Supplementary,Structural NaN by branch or questionnaire version; never coded as zero,Likert; never-users,Used in the analytical sample named in role/notes
32,I would consider trying Zepto if it offered benefits that better matched my needs.,nu_consider_trying,Likert (ordinal 1-5),1=Strongly disagree ... 5=Strongly agree,75,5,as recorded (1-5),Would consider trying Zepto,-,Supplementary,Structural NaN by branch or questionnaire version; never coded as zero,Likert; never-users,Used in the analytical sample named in role/notes
33,What could make you consider trying Zepto?,nu_what_would,categorical/text,,59,29,text; see derived columns,What would make you try Zepto,-,Supplementary,Structural NaN by branch or questionnaire version; never coded as zero,Multi-select,Used in the analytical sample named in role/notes
34,What is your age group?,age_group,categorical/text,,184,4,text; see derived columns,Age,-,Profile/control,Structural NaN by branch or questionnaire version; never coded as zero,Ordinal,Used in the analytical sample named in role/notes
35,What is your occupation?,occupation,categorical/text,,184,4,text; see derived columns,Occupation,-,Profile/control,Structural NaN by branch or questionnaire version; never coded as zero,Nominal,Used in the analytical sample named in role/notes
36,Location type,location_type,categorical/text,,168,5,text; see derived columns,Location,-,Profile/control,Structural NaN by branch or questionnaire version; never coded as zero,Added after V1 (n=168),Used in the analytical sample named in role/notes
37,Approximate monthly spending on quick-commerce,monthly_spend,categorical/text,,168,5,text; see derived columns,Monthly QC spend,-,Profile/control,Structural NaN by branch or questionnaire version; never coded as zero,Ordinal; added after V1 (n=168),Used in the analytical sample named in role/notes
