H,Construct,PPM,Relationship,Literature_rationale,Literature_mixed_or_contrary,Literature_evidence_class,Survey_items,Expected_direction,Planned_test,n,Coefficient,CI95,p_unadjusted,p_Holm,Decision_rule_result,Evidence_label,Robustness_note
H1,SAT,Push,Satisfaction/expectation fulfilment is negatively associated with switching intention.,"L16 (B): push factors (service, product issues, technical issues, price perception) significant; L06 (B): push positive (retailers); L01 (B) generic","L05 (A): satisfaction -> intention 0.071, not significant; L10 (A): dissatisfaction -> intention 0.127, p=.069, not significant",Mixed evidence,"SAT1, SAT2",-,"Spearman rho (bootstrap CI, 5000 reps, fixed seed); Holm across H1-H7",51,0.17,"[-0.12, 0.44]",0.2341,0.2492,Not supported / insufficient evidence,Inconclusive (not significant; CI includes zero and moderate effects),"Within-person-centered rho = -0.59 [-0.77, -0.32] (exploratory; ipsatization can bias)"
H2,ALT,Pull,Alternative attractiveness is positively associated with switching intention.,L05 (A): 0.328; L10 (A): 0.314; L16 (B): alternative attraction significant,none retrieved,Direct empirical support,"ALT1, ALT2",+,"Spearman rho (bootstrap CI, 5000 reps, fixed seed); Holm across H1-H7",51,0.685,"[0.49, 0.83]",0.0,0.0,Supported,Supported (raw scores),"Within-person-centered rho = -0.03 [-0.34, +0.31] (exploratory; ipsatization can bias)"
H3,VAR,Pull,Perceived competitor product choice/variety is positively associated with switching intention.,L05 (A): attractiveness scale includes 'other platforms better meet my needs'; L16 (B): alternative attraction,none,Indirect/theoretical support,"VAR1, VAR2",+,"Spearman rho (bootstrap CI, 5000 reps, fixed seed); Holm across H1-H7",51,0.694,"[0.49, 0.85]",0.0,0.0,Supported,Supported (raw scores),"Within-person-centered rho = +0.31 [-0.00, +0.62] (exploratory; ipsatization can bias)"
H4,PROMO,Pull,Perceived competitor promotional attractiveness is positively associated with switching intention.,L05 (A): one attractiveness item concerns deals/promotions,none,Indirect/theoretical support,PROMO1,+,"Spearman rho (bootstrap CI, 5000 reps, fixed seed); Holm across H1-H7",51,0.7,"[0.51, 0.84]",0.0,0.0,Supported,Supported (raw scores),"Within-person-centered rho = +0.23 [-0.10, +0.55] (exploratory; ipsatization can bias)"
H5,SWEFFORT,Mooring,Perceived switching effort is negatively associated with switching intention.,L04 (C): typology; L01 (B): mooring effects generic; L16 (B): switching cost moderates,L10 (A): switching cost -> intention +0.294 (positive; items concern effort of changing to the alternative); L06 (B): switching cost not significant; L17 (B): lower switching costs strengthen the pull effect (moderation),Mixed evidence,"SC1, SC2",-,"Spearman rho (bootstrap CI, 5000 reps, fixed seed); Holm across H1-H7",51,0.721,"[0.51, 0.87]",0.0,0.0,"Not supported (significant, opposite direction)","Anomalous / inconclusive (significant, opposite to hypothesised direction)","Within-person-centered rho = +0.05 [-0.29, +0.40] (exploratory; ipsatization can bias)"
H6,FAM,Mooring,Familiarity with Zepto is negatively associated with switching intention.,L11 (B): habit toward traditional stores -0.136 (abstract),none,Insufficient evidence,FAM1,-,"Spearman rho (bootstrap CI, 5000 reps, fixed seed); Holm across H1-H7",51,0.245,"[-0.09, 0.54]",0.0831,0.2492,Not supported / insufficient evidence,Inconclusive (not significant; CI includes zero and moderate effects),"Within-person-centered rho = -0.41 [-0.67, -0.08] (exploratory; ipsatization can bias)"
H7,INERT,Mooring,Inertia (continued-use tendency) is negatively associated with switching intention.,L15 (B): inertia negatively affects switching intention (abstract); L08 (B): inertia moderates (abstract),none,Direct empirical support (abstract-level only),INERT1,-,"Spearman rho (bootstrap CI, 5000 reps, fixed seed); Holm across H1-H7",46,0.253,"[-0.09, 0.57]",0.0897,0.2492,Not supported / insufficient evidence,Inconclusive (not significant; CI includes zero and moderate effects),"n/a (single-item, n=46)"
H8,"SAT, PULL, SWEFFORT, FAM jointly",Push+Pull+Mooring,"Push, Pull and Mooring composites jointly explain variance in switching intention (multiple regression, model F-test).",L05 (A): about 42% variance with different constructs,none,Indirect/theoretical support,"SAT1-2, ALT1-2, VAR1-2, PROMO1, SC1-2, FAM1",joint,"OLS (HC3 SE, bootstrap CI); exploratory",51,see regression table,,,n/a,Model significant (F-test) but exploratory,Exploratory / associational only (item overlap),R2 driven mainly by PULL (see overlap diagnostics)
H9,Partial switching (Q19) vs intention,Outcome link,Current users who report having shifted some purchases (Q19=Yes) have higher switching intention than those who have not.,No directly verified study was identified in the search conducted,n/a,No verified evidence,INT1-3; shifted_any,Yes > No,Mann-Whitney U,51,rank-biserial 0.09; medians 3.67 vs 3.17,not computed,0.6029,n/a (separate test),Not supported / insufficient evidence,Not supported / inconclusive,
H10,Return willingness: coverage-primary (A) vs voluntary-only (C),Retention (former users),Former users whose most important reason was area/coverage have higher willingness to return than former users whose most important reason was voluntary (platform-choice).,No directly verified study was identified in the search conducted,n/a,No verified evidence,"fu_main_reason, Q21 area option, fu_return",A > C,Mann-Whitney U,58,rank-biserial 0.18; medians 4.0 vs 3.5,not computed,0.2141,n/a (separate test),Not supported / insufficient evidence,Not supported / inconclusive,Former users only; return item missing for 5 V1 respondents
