sample,n,term,b,ci_boot_low,ci_boot_high,p_hc3,std_beta,r2,adj_r2
All current users,51,SAT,-0.08352359518897014,-0.26294245825858437,0.1355638358881404,0.40508355212602043,-0.07118311866462484,0.7057459116114275,0.6801585995776387
All current users,51,PULL,0.5806364754902857,0.2924868453137238,0.8558302326602534,0.00013851325012878945,0.5514329431629251,0.7057459116114275,0.6801585995776387
All current users,51,SWEFFORT,0.3369393578838226,0.08669616026646357,0.5832522283766497,0.012551973523316105,0.40631717274902435,0.7057459116114275,0.6801585995776387
All current users,51,FAM,-0.09664410505063775,-0.32070443382148855,0.1089462366782872,0.3923769671886702,-0.11274423951057139,0.7057459116114275,0.6801585995776387
Excl. straight-liners,39,SAT,-0.14935913847578666,-0.3189043274677583,0.05417342077775411,0.10825112114326779,-0.1349826029394861,0.6287953367699477,0.5851241999193533
Excl. straight-liners,39,PULL,0.49387282466913573,0.19743309512384769,0.7845752663805686,0.0021954029765266585,0.4816836317282294,0.6287953367699477,0.5851241999193533
Excl. straight-liners,39,SWEFFORT,0.3154709401957622,0.0620133979527983,0.5499885793557868,0.018128201293134815,0.3860699443590383,0.6287953367699477,0.5851241999193533
Excl. straight-liners,39,FAM,-0.15656876050566812,-0.38401647422992885,0.065775684407173,0.22380971101128155,-0.19131639087828894,0.6287953367699477,0.5851241999193533
V2 only (excl. V1/V1.5),44,SAT,-0.10287894929101471,-0.2753571775314201,0.09596014330474996,0.27293474685037333,-0.08904214913191852,0.8173176299050063,0.7985809765619301
V2 only (excl. V1/V1.5),44,PULL,0.5709311872625806,0.3171701289396869,0.82276202692814,1.6933881145149594e-05,0.5498320372427042,0.8173176299050063,0.7985809765619301
V2 only (excl. V1/V1.5),44,SWEFFORT,0.3593372550703738,0.1255735575939881,0.6376113491310181,0.00804372121112571,0.43819424017723163,0.8173176299050063,0.7985809765619301
V2 only (excl. V1/V1.5),44,FAM,-0.010797047311499774,-0.2172877047866816,0.15171235238702319,0.9077143962607834,-0.012295797091062495,0.8173176299050063,0.7985809765619301
Excl. Q1-inconsistent,39,SAT,-0.0706925592062603,-0.2586421853661595,0.1627145717757866,0.5047829898188229,-0.06503332491194878,0.6802478558572824,0.6426299565463744
Excl. Q1-inconsistent,39,PULL,0.5735621940219748,0.2811279196047462,0.8990541025032742,0.000931736959107785,0.558411800504547,0.6802478558572824,0.6426299565463744
Excl. Q1-inconsistent,39,SWEFFORT,0.31209969958799727,0.011560504066710803,0.5652856270101937,0.052644277608022885,0.3813055085489515,0.6802478558572824,0.6426299565463744
Excl. Q1-inconsistent,39,FAM,-0.13470230387923204,-0.3701248195823143,0.10596117493522386,0.32789741268511463,-0.15800713005319056,0.6802478558572824,0.6426299565463744
Excl. straight-liners & V1/V1.5,33,SAT,-0.1520602659056533,-0.3230579132933196,0.04885760581163023,0.09310717989504957,-0.1431998234111925,0.737867000438853,0.7004194290729748
Excl. straight-liners & V1/V1.5,33,PULL,0.5019629228612393,0.22861792057467836,0.747367485024077,5.472245840222055e-05,0.5009286094994941,0.737867000438853,0.7004194290729748
Excl. straight-liners & V1/V1.5,33,SWEFFORT,0.35586786027210887,0.12376245107116823,0.6566783026759062,0.007666878128931715,0.43705802614012285,0.737867000438853,0.7004194290729748
Excl. straight-liners & V1/V1.5,33,FAM,-0.05511085697824805,-0.2812479401003891,0.1232046374935563,0.6014505413242419,-0.06726164036680427,0.737867000438853,0.7004194290729748
