category,n,pct,ci_low,ci_high,base_n
Availability in my area,22,40.74074074074074,28.678212001394765,54.03315075914297,54
Product availability,7,12.962962962962964,6.423720712333774,24.42173032981712,54
Habit/familiarity,6,11.11111111111111,5.1930224666595555,22.19470112759889,54
Product variety,5,9.25925925925926,4.020113450261147,19.90988269610484,54
Other,4,7.407407407407407,2.918152756270312,17.55411594220322,54
Delivery,3,5.555555555555555,1.9073268306186872,15.10721441996239,54
Discounts,3,5.555555555555555,1.9073268306186872,15.10721441996239,54
App experience,2,3.7037037037037037,1.0216367856427155,12.535177017045907,54
Price,1,1.8518518518518519,0.32764876819977723,9.77143758659639,54
Customer service,1,1.8518518518518519,0.32764876819977723,9.77143758659639,54
