model,term,n,b,se_ols,se_hc3,p_ols,p_hc3,ci_boot_low,ci_boot_high,std_beta,p_rank_ols_hc3
M1 PPM composites (pre-specified),const,51,0.921785738061438,0.4429527237369627,0.4190069365112056,0.0430286168604154,0.0278118943305796,0.1358216063220443,1.7179655973356052,,0.0452967092051338
M1 PPM composites (pre-specified),SAT,51,-0.0835235951889701,0.1045906017668709,0.1003194104537431,0.4286399118370974,0.4050835521260204,-0.2629424582585843,0.1355638358881404,-0.0711831186646248,0.401954738635495
M1 PPM composites (pre-specified),PULL,51,0.5806364754902857,0.1257022249133559,0.1523657074797723,3.1166042420666324e-05,0.0001385132501287,0.2924868453137238,0.8558302326602534,0.5514329431629251,0.0004829144472862
M1 PPM composites (pre-specified),SWEFFORT,51,0.3369393578838226,0.1094720875934821,0.1349790703960294,0.0035083213325911,0.0125519735233161,0.0866961602664635,0.5832522283766497,0.4063171727490243,0.0047881012249703
M1 PPM composites (pre-specified),FAM,51,-0.0966441050506377,0.0871966651113704,0.1129924555411929,0.2734737832391081,0.3923769671886702,-0.3207044338214885,0.1089462366782872,-0.1127442395105713,0.3181924032797045
M2 disaggregated pull (exploratory),const,51,0.970150159605875,0.4481176549949599,0.4400375438055031,0.0358572260794165,0.0274752509944984,0.1696570908646626,1.789760932486636,,0.2869748502709881
M2 disaggregated pull (exploratory),SAT,51,-0.1262639748438644,0.1099474217924504,0.119838481392239,0.2570073441076553,0.2920578686630696,-0.347904308160439,0.1336384904290749,-0.1076086761356859,0.4141794191276102
M2 disaggregated pull (exploratory),ALT,51,0.2794782810396112,0.1470950947464017,0.177877687806023,0.0640010708577917,0.1161403018680055,-0.0780655838926398,0.6288002958098248,0.2831786997607002,0.168324670364241
M2 disaggregated pull (exploratory),VAR,51,0.0791795205419403,0.1563593570240977,0.1958171809880037,0.6151078919059345,0.6859521956460644,-0.3043646928779198,0.4613753796790503,0.0826301259614095,0.5358999197076088
M2 disaggregated pull (exploratory),PROMO,51,0.2725541489608684,0.11020304378557,0.1258827608889011,0.0173239239257324,0.0303767538583012,0.0051386973398877,0.5161483981918586,0.3024346426718896,0.1281766806676077
M2 disaggregated pull (exploratory),SWEFFORT,51,0.3039666539864101,0.1146205201212923,0.1341317605443848,0.0110861246500918,0.0234403916372899,0.062878968955154,0.5643802651393608,0.3665551932948244,0.0186687357796151
M2 disaggregated pull (exploratory),FAM,51,-0.0799515423285729,0.0883501424053712,0.1208520649296136,0.3704259694686712,0.5082498005668689,-0.329772332324845,0.1281260320583944,-0.0932708294293705,0.49090112426973
