variable,n,mean,sd,ci95_low,ci95_high,median,min,max,pct_agree,pct_agree_ci_low,pct_agree_ci_high,skew,agree_rule
INT,51,3.464052287581699,0.9429938879796013,3.2052429976848957,3.7228615774785023,3.3333333333333335,1.3333333333333333,5.0,49.01960784313726,35.85748579832304,62.319076203492955,-0.13593480698676144,>=4 (items) / >=3.5 (composites)
INT1,51,3.392156862745098,1.0597817015319526,3.101294585570886,3.6830191399193097,3.0,1.0,5.0,47.05882352941177,34.05299011558486,60.47669588986317,-0.22984622196328527,>=4 (items) / >=3.5 (composites)
INT2,51,3.5294117647058822,1.0460007873127168,3.242331726916966,3.8164918024947987,4.0,1.0,5.0,52.94117647058823,39.523304110136834,65.94700988441514,-0.24470140952317673,>=4 (items) / >=3.5 (composites)
INT3,51,3.4705882352941178,0.9664976187548645,3.2053282314007427,3.7358482391874928,4.0,2.0,5.0,52.94117647058823,39.523304110136834,65.94700988441514,-0.12110878731150285,>=4 (items) / >=3.5 (composites)
SAT,51,3.8823529411764706,0.8036680614166377,3.6617823065845316,4.1029235757684095,4.0,2.0,5.0,74.50980392156863,61.13171804897563,84.45423190562414,-0.35166210875788556,>=4 (items) / >=3.5 (composites)
SAT1,51,3.8823529411764706,0.9305279968604795,3.6269649761361658,4.137740906216775,4.0,1.0,5.0,68.62745098039215,54.973000358563105,79.67232160693271,-0.6881701373573911,>=4 (items) / >=3.5 (composites)
SAT2,51,3.8823529411764706,0.8865000580604473,3.639048659521294,4.125657222831648,4.0,2.0,5.0,74.50980392156863,61.13171804897563,84.45423190562414,-0.6587880473045559,>=4 (items) / >=3.5 (composites)
PUSH_consider,51,3.549019607843137,1.0259381168510326,3.2674458681986835,3.8305933474875906,4.0,1.0,5.0,58.8235294117647,45.165337101435334,71.24560488222058,-0.599908347476442,>=4 (items) / >=3.5 (composites)
ALT,51,3.6470588235294117,0.9554795531410331,3.384822781693375,3.9092948653654482,4.0,1.5,5.0,68.62745098039215,54.973000358563105,79.67232160693271,-0.33231809329054446,>=4 (items) / >=3.5 (composites)
VAR,51,3.627450980392157,0.9840891080329158,3.35736290613023,3.8975390546540836,4.0,1.0,5.0,60.78431372549019,47.085158877595646,72.97265910242824,-0.6496966207060465,>=4 (items) / >=3.5 (composites)
PROMO,51,3.5098039215686274,1.0463756308249508,3.2226210061423686,3.7969868369948863,4.0,1.0,5.0,50.98039215686274,37.68092379650704,64.14251420167695,-0.1905100440677775,>=4 (items) / >=3.5 (composites)
SWEFFORT,51,3.2745098039215685,1.1371619299387228,2.962410144171191,3.586609463671946,3.0,1.0,5.0,49.01960784313726,35.85748579832304,62.319076203492955,-0.22014965740196307,>=4 (items) / >=3.5 (composites)
FAM,51,3.4313725490196076,1.1000891229493057,3.129447702673344,3.7332973953658715,4.0,1.0,5.0,52.94117647058823,39.523304110136834,65.94700988441514,-0.47533834672196645,>=4 (items) / >=3.5 (composites)
INERT,46,3.5217391304347827,1.149669139550498,3.1895005753769468,3.8539776854926187,4.0,1.0,5.0,54.34782608695652,40.18018095416325,67.84526631359536,-0.5141552753009203,>=4 (items) / >=3.5 (composites)
PULL,51,3.6078431372549025,0.895565326987351,3.362050848154924,3.853635426354881,3.6,1.4,5.0,56.86274509803921,43.26530200590476,69.49876398138316,-0.38947751900710903,>=4 (items) / >=3.5 (composites)
