reason,n_mentions,pct,ci_low,ci_high,base_n
Zepto was not available in my area,38,52.054794520547944,40.78159680453948,63.1225456254401,73
Product availability,18,24.65753424657534,16.20446459296466,35.64444543728701,73
I preferred another quick-commerce platform,15,20.54794520547945,12.866972062718945,31.17365310757354,73
Product variety / choice,13,17.80821917808219,10.713372979619619,28.121728950700074,73
Pricing,10,13.698630136986301,7.614389574276377,23.41242749608413,73
Discounts / promotions,8,10.95890410958904,5.658671755652386,20.162622074735328,73
Delivery experience,7,9.58904109589041,4.7228954339133935,18.495636776487927,73
App experience,6,8.219178082191782,3.8213750255271792,16.794395564887747,73
Customer service,5,6.8493150684931505,2.9609038464428368,15.052105123985696,73
Product quality,3,4.109589041095891,1.407394024440707,11.400091706015033,73
Return / refund experience,2,2.73972602739726,0.7545758611686395,9.450148249300705,73
