H,relation,evidence_class,supporting,mixed_or_contrary,note
H1,Satisfaction -> switching intention (-),Mixed evidence,"L16 (B): push factors (service, product issues, technical issues, price perception) significant; L06 (B): push positive (retailers); L01 (B) generic","L05 (A): satisfaction -> intention 0.071, not significant; L10 (A): dissatisfaction -> intention 0.127, p=.069, not significant",Two full-text studies show non-significant satisfaction/dissatisfaction effects; a null here is not surprising
H2,Alternative attractiveness -> switching intention (+),Direct empirical support,L05 (A): 0.328; L10 (A): 0.314; L16 (B): alternative attraction significant,none retrieved,L10 concerns channel adoption (physical market to e-grocery); L05 and L16 are platform/retailer switching
H3,Competitor product choice/variety -> intention (+),Indirect/theoretical support,L05 (A): attractiveness scale includes 'other platforms better meet my needs'; L16 (B): alternative attraction,none,No verified study isolates perceived competitor variety as a separate predictor
H4,Competitor promotions -> intention (+),Indirect/theoretical support,L05 (A): one attractiveness item concerns deals/promotions,none,Measurement precedent only; no isolated promotion effect verified
H5,Switching effort -> intention (-),Mixed evidence,L04 (C): typology; L01 (B): mooring effects generic; L16 (B): switching cost moderates,L10 (A): switching cost -> intention +0.294 (positive; items concern effort of changing to the alternative); L06 (B): switching cost not significant; L17 (B): lower switching costs strengthen the pull effect (moderation),No verified study showing the hypothesised negative direct effect was retrieved; the present positive sign has a verified full-text precedent (different context)
H6,Familiarity -> intention (-),Insufficient evidence,L11 (B): habit toward traditional stores -0.136 (abstract),none,Abstract-level only; habit toward the origin channel differs from familiarity with Zepto
H7,Inertia -> intention (-),Direct empirical support (abstract-level only),L15 (B): inertia negatively affects switching intention (abstract); L08 (B): inertia moderates (abstract),none,Abstract-level; service-channel contexts; not full-text verified
H8,Joint PPM composites explain intention variance,Indirect/theoretical support,L05 (A): about 42% variance with different constructs,none,Present R2 is inflated by item overlap
H9,Intention associated with partial actual switching,No verified evidence,No directly verified study was identified in the search conducted,n/a,Study-specific extension
H10,Coverage-driven exits more willing to return than voluntary leavers,No verified evidence,No directly verified study was identified in the search conducted,n/a,Study-specific extension
