id,authors,year,title,venue,doi,verification_level,use_status,source_location,hypothesis_supported,verification,context,sample_size,method,constructs,measurement,key_findings,relevance,role
L01,"Bansal, H.S.; Taylor, S.F.; St. James, Y.",2005,'Migrating' to new service providers: Toward a unifying framework of consumers' switching behaviors,"Journal of the Academy of Marketing Science 33(1), 96-115",10.1177/0092070304267928,B,Used (theory; abstract-level empirical),ProQuest abstract record; DOI and citation also read in the reference list of L10 (full text),Framework for H1-H7 (generic),Abstract record retrieved; DOI confirmed in L10's reference list; full text not read,not verified,approx. 700 consumers (per abstract),Survey; PPM compared with an alternative model,"Push, pull, mooring",not verified,"Per abstract: PPM outperformed an alternative model; push, pull and mooring variables had significant direct effects and some moderating effects on switching intentions",Theoretical basis of PPM,foundational
L02,"Moon, B.",1995,Paradigms in migration research: Exploring 'mooring' as a schema,"Progress in Human Geography 19(4), 504-524",10.1177/030913259501900404,C,Background only (theory attribution),Reference list of L10 (full text) incl. DOI; L10 Section 2.1 describes Moon as adding 'mooring' to push-pull migration,none (attribution of mooring concept),Bibliographic entry and DOI read in L10's reference list; paper not opened,Human geography,n/a (conceptual),Conceptual,Mooring,n/a,Not extracted,Origin of the mooring concept,foundational
L03,"Hsieh, J.-K.; Hsieh, Y.-C.; Chiu, H.-C.; Feng, Y.-C.",2012,Post-adoption switching behavior for online service substitutes: A perspective of the push-pull-mooring framework,"Computers in Human Behavior 28(5), 1912-1920",10.1016/j.chb.2012.05.010,C,Background only (not used for any hypothesis),Seen in a retrieved bibliography only,none,Bibliographic entry only; paper not opened,not verified,not verified,not verified,PPM,not verified,Not extracted,None beyond background,background
L04,"Burnham, T.A.; Frels, J.K.; Mahajan, V.",2003,"Consumer switching costs: A typology, antecedents, and consequences","Journal of the Academy of Marketing Science 31(2), 109-126",not verified,C,Background only (theory attribution),Seen in two retrieved bibliographies,H5 (theoretical rationale only),Bibliographic entry only; DOI not retrieved; paper not opened,not verified,not verified,not verified,Switching-cost typology,not verified,Not extracted,Theoretical origin of the switching-cost concept; no empirical claim drawn,foundational
L05,"Chang, I.-C.; Shiau, W.-M.; Lin, C.-Y.; Shih, D.-H.",2023,Consumer Intentions to Switch On-Demand Food Delivery Platforms: A Perspective from Push-Pull-Mooring Theory,"Journal of Theoretical and Applied Electronic Commerce Research 18(4), 2217-2232",10.3390/jtaer18040111,A,Used,"Open-access MDPI full text: Methods (measures and appendix items), Results (structural-model paths), Discussion; table numbers not recorded","H1 (contrary: satisfaction n.s.), H2 (supports), H3/H4 (indirect: attractiveness scale content), H8",Full text read,Taiwan; on-demand food delivery platforms (platform-to-platform),441 usable responses (self-selected online),Survey; PLS-SEM; Fornell-Larcker,Push = satisfaction; pull = attractive alternatives; mooring = subjective norms,"5-point Likert; attractive alternatives 5 items (one on deals/promotions); switching intention 3 items incl. 'intend to reduce the use of [platform]'; alpha SI .674, SN .619","Attractive alternatives -> switching intention 0.328 (significant); satisfaction -> switching intention 0.071 (not significant); subjective norms -> switching intention -0.405 (significant, negative); about 42% variance explained; construct correlation AA-SI .454; mean satisfaction 3.89","Closest verified platform-to-platform analogue; its 'mooring' is subjective norms, NOT switching cost",recent
L06,"Guan, Z.; Shi, X.; Ying, H.; Xue, R.; Qiao, X.",2024,An empirical study on traditional offline retailer's switching intention towards community-based group buying program: A push-pull-mooring model,"Electronic Markets 34(1), article 18",10.1007/s12525-024-00702-6,B,Used with caution (abstract-level),"Springer abstract page; RePEc record; x-mol listing (authors, DOI, publication date 29 Feb 2024)","H1/H2 (push and pull positive, abstract), H5 (switching cost n.s., abstract)",Publisher abstract and RePEc record read; full text not read,Community group buying; respondents are retailers (not consumers),365 respondents,PPM + TAM; SEM,"Push, pull, perceived risk, switching cost",not verified,Per abstract: push and pull positively related to switching intention; perceived risk hinders it; switching cost not significant,Recent PPM evidence; retailer context limits transfer,recent
L07,not verified,2023,Factors influencing consumers' intentions to switch to live commerce from push-pull-mooring perspective,not verified (journal name inferred from DOI prefix only),10.4018/JGIM.319972,UNVERIFIED,Do NOT cite as evidence until authors/venue/year are confirmed on a publisher page,Aggregator abstract page only,none (previously used for H6/H7; withdrawn),"Authors, venue and year not confirmed",China (per abstract),306 consumers (per abstract; unconfirmed),PPM survey,PPM; inertia/habit,not verified,Not used,Withdrawn from evidence base,unverified
L08,"Cui, Y.; Yao, X.; Zhao, D.; Li, J.",2026,The influence of information processing on consumer switching intention from traditional to short video e-commerce: a structural equation modelling study,Asia Pacific Journal of Marketing and Logistics,10.1108/APJML-01-2025-0001,B,Used with caution (abstract-level),Emerald abstract page excerpt,H7 (inertia as moderator; abstract only),Publisher abstract excerpt read; full text not read,not verified,not verified,Survey; SEM; PPM,"Overload confusion, virtual touch, vicarious learning, online consumer inertia",not verified,Per abstract: online consumer inertia moderates paths to switching intention,Inertia as moderator; not a direct-effect test,recent
L09,not verified,2025,Research on consumers' fresh food e-commerce platform switching intention under PPM theory: A fsQCA method,WHICEB 2025 (Springer chapter),not verified,UNVERIFIED,Do NOT cite as evidence until authors are confirmed on the publisher page,Springer chapter abstract; authors/DOI not captured,none (previously cited for H3; withdrawn),Authors not confirmed,Fresh-food e-commerce,not verified,fsQCA,PPM,not verified,Not used,Withdrawn from evidence base,unverified
L10,"Monoarfa, T.A.; Sumarwan, U.; Suroso, A.I.; Wulandari, R.",2023,Switch or Stay? Applying a Push-Pull-Mooring Framework to Evaluate Behavior in E-Grocery Shopping,"Sustainability 15(7), 6018",10.3390/su15076018,A,Used,"Open-access MDPI full text: Section 3.1-3.2 (sampling, instrument), Table 2 (alphas), Table 3 (direct paths), Table 4 (moderation), Appendix A Table A1 (items)","H1 (dissatisfaction n.s.), H2 (attractiveness significant), H5 (switching cost POSITIVE sign; contrary to hypothesised direction)",Full text read,"Jakarta, Indonesia; switching from physical markets TO e-grocery apps (channel adoption, not platform-to-platform)","252 analysed (265 collected); purposive/convenience, online","CB-SEM (AMOS); 39 items, 5 removed after modification indices","Dissatisfaction (push), alternative attractiveness (pull), switching cost (mooring), plus ease of use, usefulness, value, health consciousness, innovativeness","5-point Likert; switching-cost items concern the effort/learning of changing TO e-grocery (e.g. 'It would take a lot of time changing to e-grocery shopping'); alphas: DSAT .936, ATT .939, SWC .929, SWI .901","Table 3: dissatisfaction -> switching intention 0.127 (p=.069, not supported); attractiveness -> switching intention 0.314 (p=.015); switching cost -> switching intention 0.294 (p=.017, positive). Table 4: switching-cost x dissatisfaction/attractiveness interactions negative",Verified precedent for a positive switching-cost coefficient when items describe the effort of changing to the alternative (similar wording to SC1 in the present survey); context differs from platform-to-platform switching,recent
L11,"Hung, P.D.; Thong, V.H.; Tuan, P.V.; Khoa, N.H.D.; Trang, N.Q.",2024,Switching intention to online channel in Vietnam - A case study of consumer electronics goods,"Cogent Business & Management 11(1), article 2291861 (received 17 Apr 2023; accepted 1 Dec 2023; online 21 Apr 2024)",10.1080/23311975.2023.2291861 (taken from the publisher-hosted URL; DOI page not opened),B,Used with caution (abstract-level),Publisher article page metadata; DOAJ and RePEc abstracts,H6 (habit; abstract-level),Publisher metadata and abstract read; full text not read,Vietnam; switching from physical stores to online channel (consumer electronics),"1,104 customers",Extended PPM; survey,"Perceived risk, attitude, habit at traditional stores",not verified,Per abstract: habit of buying at traditional stores lessened switching intention (-0.136); attitude toward switching strongest (0.374),Habit toward the origin channel; familiarity with Zepto is not identical,recent
L12,"Zhang, K.Z.K.; Cheung, C.M.K.; Lee, M.K.O.",2012,Online service switching behavior: The case of blog service providers,"Journal of Electronic Commerce Research 13(3), 184",not verified,C,Background only,Reference list of L05 (full text); abstract seen on a third-party document host,none,Bibliographic entry only,Blog services,not verified,PPM survey,"Satisfaction, attractive alternatives, sunk costs",not verified,Not extracted,Source of measurement items adapted in L05 (not independently checked),background
L13,"Chang, I.C.; Liu, C.C.; Chen, K.",2014,"The push, pull and mooring effects in virtual migration for social networking sites","Information Systems Journal 24, 323-346",10.1111/isj.12030,C,Background only,Reference list of L05 (full text),none,Bibliographic entry incl. DOI read in L05's reference list; paper not opened,not verified,not verified,not verified,PPM,not verified,Not extracted,Background,background
L14,"Celiker, O.; Ozen, U.; Bolen, M.C.",2024,Understanding Consumers' Switching Intention from e-Commerce to Social Commerce: A Mixed Methods Study,International Journal of Innovation and Technology Management 21(1),10.1142/s0219877024500068,B,Background only,University repository record,none,"University repository record (Ataturk University) lists ESCI and Scopus indexing; NOT independently checked in Scopus/WoS; full text not read; the abstract states variance explained as '0.607%' (apparent typo, not used)",E-commerce to social commerce,not verified,Mixed methods; PPM,PPM; social influence,not verified,Per abstract: social influence moderates push and pull effects,Background,recent
L15,"Chen, L.; Wu, P.; Dou, Y.; Wu, Y.",2023,Investigating senders' switching intention to smart lockers: An extension of push-pull-mooring model,"Journal of Retailing and Consumer Services 74, article 103414",10.1016/j.jretconser.2023.103414,B,Used with caution (abstract-level),"RePEc/IDEAS record (abstract, DOI)","H7 (inertia negatively affects switching intention; abstract only), H2 (attractiveness of alternative; abstract)",RePEc abstract read; full text not read,Parcel delivery (senders); China per author set not verified,not verified,PLS-SEM; two online questionnaires (senders vs receivers),"Low perceived value of home pickup (push), attractiveness of smart lockers (pull), inertia (mooring)",not verified,"Per abstract: push effect of low perceived value, pull effect of locker attractiveness, and mooring effect of inertia; inertia of using home pickup negatively affects switching intention and strengthens the push effect","Abstract-level direct evidence of a negative inertia effect (service-channel context, not platform-to-platform)",recent
L16,"Singh, R.; Rosengren, S.",2020,Why do online grocery shoppers switch? An empirical investigation of drivers of switching in online grocery,"Journal of Retailing and Consumer Services 53, 101962",10.1016/j.jretconser.2019.101962,B,Used with caution (abstract-level; older than the 2022-2026 window but directly relevant),EconPapers and HHS repository abstract; citation and DOI also in L10's reference list (full text),"H1 (push factors significant: customer service, product issues, technical issues, price perception), H2 (alternative attraction significant), H5 (switching cost as moderator)",Abstract records read; full text not read,Online grocery retailing (country not captured),not verified,PPM; empirical survey (details not captured),"Retailer-related push, competitor-related pull (WOM, alternative attraction), mooring (switching cost, prior switching behaviour)",not verified,"Per abstract: push factors (customer service, delivered-product issues, technical issues, high price perception) and pull factors (WOM, alternative attraction) had significant direct effects on switching; switching cost and prior switching behaviour significantly moderated switching","Closest online-grocery PPM study found; supports pull and a service/product-problem push, with mooring as a moderator",recent
L17,"Haridasan, A.C.; Fernando, A.G.; Balakrishnan, S.",2021,Investigation of consumers' cross-channel switching intentions: A push-pull-mooring approach,Journal of Consumer Behaviour (volume/pages not captured),10.1002/cb.1918,B,Used with caution (abstract-level),Publisher-linked listing with abstract (zendy.io),"H2 (alternative attractiveness positive; abstract), H5 (lower switching costs strengthened the pull effect; moderation, abstract)",Abstract read; full text not read,Cross-channel (online/offline) switching,456 valid responses (per abstract),Online and in-person survey; SEM,"External information search (push), alternative attractiveness (pull), multichannel self-efficacy, switching costs",not verified,Per abstract: push and pull factors positively influenced switching intention; higher multichannel self-efficacy and lower switching costs significantly increased the pull effect,"Switching cost enters as a moderator of the pull effect, not as a direct negative effect",recent
