,INT,SAT,PUSH_consider,ALT,VAR,PROMO,SWEFFORT,FAM,INERT
INT,51.0,51.0,51.0,51.0,51.0,51.0,51.0,51.0,46.0
SAT,51.0,51.0,51.0,51.0,51.0,51.0,51.0,51.0,46.0
PUSH_consider,51.0,51.0,51.0,51.0,51.0,51.0,51.0,51.0,46.0
ALT,51.0,51.0,51.0,51.0,51.0,51.0,51.0,51.0,46.0
VAR,51.0,51.0,51.0,51.0,51.0,51.0,51.0,51.0,46.0
PROMO,51.0,51.0,51.0,51.0,51.0,51.0,51.0,51.0,46.0
SWEFFORT,51.0,51.0,51.0,51.0,51.0,51.0,51.0,51.0,46.0
FAM,51.0,51.0,51.0,51.0,51.0,51.0,51.0,51.0,46.0
INERT,46.0,46.0,46.0,46.0,46.0,46.0,46.0,46.0,46.0
